Workbook

Sheet Configuración
A1: Consultas BPS — Tolvink
A2: Estado de certificados comunes BPS por RUT, sin necesidad de usuario Tolvink.
A4: Token de integración:
A5: URL de la API de Tolvink: | B5: https://tolvink-api-production.up.railway.app/api
A7: URL para importar la tabla completa: | B7: =IF(B4="","(pegá primero el token en B4)",B5&"/bps/excel/empresas?format=csv&token="&B4)
A9: CÓMO USAR ESTA PLANTILLA
A10: 1. | B10: Pedile el token a quien administra Tolvink (Mi Flota → BPS → Monitoreo → Conexión con Excel) y pegalo en la celda amarilla B4.
A11: 2. | B11: Consulta por RUT: en la hoja "Consulta RUT", escribí un RUT en la columna A y el estado aparece solo en la columna B.
A12: 3. | B12: Tabla completa: en Excel, Datos → Obtener datos → Desde web, y pegá la URL de la celda B7. Después, botón "Actualizar todo" para refrescar.
A14: ESTADOS POSIBLES
A15: VIGENTE | B15: La empresa tiene certificado común BPS vigente.
A16: NO_VIGENTE | B16: El certificado no está vigente — verificar antes de operar.
A17: EN_TRAMITE | B17: Hay una solicitud en proceso en BPS.
A18: DESCONOCIDO | B18: El servidor no pudo determinar el estado (BPS caído o markup cambiado).
A19: RUT_INVALIDO | B19: El RUT no tiene 12 dígitos o su dígito verificador es incorrecto.
A20: FALTA TOKEN / SIN CONEXIÓN | B20: Falta pegar el token en B4, el token fue revocado, o no hay internet.
A22: NOTAS
A23: • | B23: La función SERVICIOWEB requiere Excel de escritorio para Windows (2013 o posterior). En Mac o Excel web, usá la tabla completa (paso 3).
A24: • | B24: Los estados provienen del servidor de Tolvink, que consulta a BPS y cachea el resultado hasta 6 horas.
A25: • | B25: El token es de solo lectura y revocable. No reenvíes la planilla con el token cargado a personas que no deban consultar estos datos.

Sheet Consulta RUT
A1: Consulta de estado BPS por RUT
A2: Escribí RUTs en la columna A (celdas amarillas). El estado se consulta solo al servidor de Tolvink.
A4: RUT (12 dígitos) | B4: Estado BPS | C4: Notas
A5: 211234567897 | B5: =IF(A5="","",IF(Configuración!$B$4="","FALTA TOKEN",IFERROR(_xlfn.WEBSERVICE(Configuración!$B$5&"/bps/excel/vigencia?rut="&A5&"&token="&Configuración!$B$4),"SIN CONEXIÓN"))) | C5: Ejemplo — reemplazalo por un RUT real
B6: =IF(A6="","",IF(Configuración!$B$4="","FALTA TOKEN",IFERROR(_xlfn.WEBSERVICE(Configuración!$B$5&"/bps/excel/vigencia?rut="&A6&"&token="&Configuración!$B$4),"SIN CONEXIÓN")))
B7: =IF(A7="","",IF(Configuración!$B$4="","FALTA TOKEN",IFERROR(_xlfn.WEBSERVICE(Configuración!$B$5&"/bps/excel/vigencia?rut="&A7&"&token="&Configuración!$B$4),"SIN CONEXIÓN")))
B8: =IF(A8="","",IF(Configuración!$B$4="","FALTA TOKEN",IFERROR(_xlfn.WEBSERVICE(Configuración!$B$5&"/bps/excel/vigencia?rut="&A8&"&token="&Configuración!$B$4),"SIN CONEXIÓN")))
B9: =IF(A9="","",IF(Configuración!$B$4="","FALTA TOKEN",IFERROR(_xlfn.WEBSERVICE(Configuración!$B$5&"/bps/excel/vigencia?rut="&A9&"&token="&Configuración!$B$4),"SIN CONEXIÓN")))
B10: =IF(A10="","",IF(Configuración!$B$4="","FALTA TOKEN",IFERROR(_xlfn.WEBSERVICE(Configuración!$B$5&"/bps/excel/vigencia?rut="&A10&"&token="&Configuración!$B$4),"SIN CONEXIÓN")))
B11: =IF(A11="","",IF(Configuración!$B$4="","FALTA TOKEN",IFERROR(_xlfn.WEBSERVICE(Configuración!$B$5&"/bps/excel/vigencia?rut="&A11&"&token="&Configuración!$B$4),"SIN CONEXIÓN")))
B12: =IF(A12="","",IF(Configuración!$B$4="","FALTA TOKEN",IFERROR(_xlfn.WEBSERVICE(Configuración!$B$5&"/bps/excel/vigencia?rut="&A12&"&token="&Configuración!$B$4),"SIN CONEXIÓN")))
B13: =IF(A13="","",IF(Configuración!$B$4="","FALTA TOKEN",IFERROR(_xlfn.WEBSERVICE(Configuración!$B$5&"/bps/excel/vigencia?rut="&A13&"&token="&Configuración!$B$4),"SIN CONEXIÓN")))
B14: =IF(A14="","",IF(Configuración!$B$4="","FALTA TOKEN",IFERROR(_xlfn.WEBSERVICE(Configuración!$B$5&"/bps/excel/vigencia?rut="&A14&"&token="&Configuración!$B$4),"SIN CONEXIÓN")))
B15: =IF(A15="","",IF(Configuración!$B$4="","FALTA TOKEN",IFERROR(_xlfn.WEBSERVICE(Configuración!$B$5&"/bps/excel/vigencia?rut="&A15&"&token="&Configuración!$B$4),"SIN CONEXIÓN")))
B16: =IF(A16="","",IF(Configuración!$B$4="","FALTA TOKEN",IFERROR(_xlfn.WEBSERVICE(Configuración!$B$5&"/bps/excel/vigencia?rut="&A16&"&token="&Configuración!$B$4),"SIN CONEXIÓN")))
B17: =IF(A17="","",IF(Configuración!$B$4="","FALTA TOKEN",IFERROR(_xlfn.WEBSERVICE(Configuración!$B$5&"/bps/excel/vigencia?rut="&A17&"&token="&Configuración!$B$4),"SIN CONEXIÓN")))
... B54: =IF(A54="","",IF(Configuración!$B$4="","FALTA TOKEN",IFERROR(_xlfn.WEBSERVICE(Configuración!$B$5&"/bps/excel/vigencia?rut="&A54&"&token="&Configuración!$B$4),"SIN CONEXIÓN")))
